Date,Name,Year,Letterboxd URI,Rating
2024-04-22,Moneyball,2011,https://boxd.it/glS,4.5
2024-04-27,The Notebook,2004,https://boxd.it/1UNE,4.5
2024-05-02,Merry Christmas,2024,https://boxd.it/xCn8,3
2024-06-28,Damsel,2024,https://boxd.it/sFY2,3
2024-07-18,Dil Chahta Hai,2001,https://boxd.it/1Nsk,4
2024-07-26,Lost Ladies,2023,https://boxd.it/I0mS,4
2024-07-29,Anonymously Yours,2021,https://boxd.it/xYV2,2.5
2024-08-05,Kal Ho Naa Ho,2003,https://boxd.it/24By,3.5
2024-08-06,Aavesham,2024,https://boxd.it/F2fe,4
2024-08-15,The Green Mile,1999,https://boxd.it/2agG,5
2024-08-19,Where the Tracks End,2023,https://boxd.it/GpUG,4
2024-08-23,Anbe Sivam,2003,https://boxd.it/1sU8,5
2024-09-05,Drawing Closer,2024,https://boxd.it/NguI,5
2024-09-11,I Want to Eat Your Pancreas,2018,https://boxd.it/ie6C,4
2024-09-17,Thangalaan,2024,https://boxd.it/yiKI,2.5
2024-10-01,Saripodhaa Sanivaaram,2024,https://boxd.it/Jkwq,3.5
2024-10-01,Premam,2015,https://boxd.it/bod0,4.5
2024-10-07,Even If This Love Disappears from the World Tonight,2022,https://boxd.it/AWgs,4
2024-10-12,21,2008,https://boxd.it/20BO,3
2024-10-13,Vaazhai,2024,https://boxd.it/DNee,4
2024-10-17,Deadpool & Wolverine,2024,https://boxd.it/jq8s,3.5
2024-10-21,The Intern,2015,https://boxd.it/7AOE,4
2024-10-28,Meiyazhagan,2024,https://boxd.it/GYue,5
2024-11-01,Lubber Pandhu,2024,https://boxd.it/FvlK,4
2024-11-03,The Grudge,2019,https://boxd.it/gE0Q,2
2024-11-03,Mujhse Dosti Karoge!,2002,https://boxd.it/1uci,1
2024-11-04,The Substance,2024,https://boxd.it/zanS,5
2024-11-07,Black,2024,https://boxd.it/POYG,3
2024-11-11,Jerry & Marge Go Large,2022,https://boxd.it/vPf8,3
2024-11-17,Amaran,2024,https://boxd.it/yWSs,4
2024-11-26,Brother,2024,https://boxd.it/C7ZU,1
2024-11-30,Lucky Baskhar,2024,https://boxd.it/L79s,4
2024-11-30,13 Going on 30,2004,https://boxd.it/1X6e,3.5
2024-12-04,A Clockwork Orange,1971,https://boxd.it/2aVE,4
2024-12-20,Viduthalai: Part I,2023,https://boxd.it/tzzM,4.5
2024-12-23,Pogumidam Vegu Thooramillai,2024,https://boxd.it/OLE2,4
2024-12-24,50/50,2011,https://boxd.it/10Tw,4
2024-12-25,Iyarkai,2003,https://boxd.it/8FM6,3.5
2025-01-06,Viduthalai: Part II,2024,https://boxd.it/CAee,3.5
2025-01-10,Manspread,2024,https://boxd.it/S7cU,3.5
2025-01-11,Moondram Pirai,1982,https://boxd.it/8lq,4
2025-01-12,Kabhi Khushi Kabhie Gham,2001,https://boxd.it/1Vtg,3.5
2025-01-13,Raayan,2024,https://boxd.it/GYru,2.5
2025-01-13,Hum Aapke Hain Koun..!,1994,https://boxd.it/NiC,2
2025-01-14,Tune in for Love,2019,https://boxd.it/kVUO,3
2025-01-14,Rogan Josh,2018,https://boxd.it/lk5Q,4
2025-01-14,Two,1965,https://boxd.it/5MnG,4
2025-01-16,Arunachalam,1997,https://boxd.it/8IE,3
2025-01-18,The Song of Sparrows,2008,https://boxd.it/uJY,4.5
2025-01-18,Indian 2: Zero Tolerance,2024,https://boxd.it/kbw2,0.5
2025-01-19,Padayappa,1999,https://boxd.it/JvC,5
2025-01-23,The Dictator,2012,https://boxd.it/2DEW,4
2025-01-23,Hitch,2005,https://boxd.it/205o,3
2025-01-23,Sanju,2018,https://boxd.it/hTZm,3.5
2025-01-23,Lighting Up the Stars,2022,https://boxd.it/zFts,4
2025-01-23,Flamin' Hot,2023,https://boxd.it/nbEc,2.5
2025-01-24,MAX,2024,https://boxd.it/HnxW,3
2025-01-26,Madha Gaja Raja,2025,https://boxd.it/8EuA,2.5
2025-01-27,Animal,2023,https://boxd.it/toAu,3.5
2025-01-28,Monte Carlo,2011,https://boxd.it/hqk,3
2025-01-31,Hope,2013,https://boxd.it/7x5Q,5
2025-02-02,Mumbai Xpress,2005,https://boxd.it/2hT6,4
2025-02-02,Kudumbasthan,2025,https://boxd.it/QiHK,4
2025-02-07,Malargal Kaeten,2024,https://boxd.it/SC7Q,3.5
2025-02-14,Kadhalikka Neramillai,2025,https://boxd.it/JZWu,2.5
2025-02-19,Please Hold,2020,https://boxd.it/rPGU,3.5
2025-02-21,Love Reset,2023,https://boxd.it/DPma,3
2025-02-28,Kishkindha Kaandam,2024,https://boxd.it/CLOM,4
2025-03-01,Kill,2023,https://boxd.it/HTqS,3.5
2025-03-01,Kadhala Kadhala,1998,https://boxd.it/8rS,4
2025-03-01,Vettaiyan,2024,https://boxd.it/FnTu,3
2025-03-02,(500) Days of Summer,2009,https://boxd.it/1EmM,4.5
2025-03-11,Vaaranam Aayiram,2008,https://boxd.it/15yo,5
2025-03-12,How to Lose a Guy in 10 Days,2003,https://boxd.it/1XwG,2.5
2025-03-15,Rough Cut,2008,https://boxd.it/1Ipq,4
2025-03-16,Hey Ram,2000,https://boxd.it/fGg,5
2025-03-18,Memento,2000,https://boxd.it/2bcK,4.5
2025-03-25,Fanaa,2006,https://boxd.it/207O,3
2025-03-30,Mr. Housekeeping,2025,https://boxd.it/SEeO,2.5
2025-03-30,Home,2018,https://boxd.it/loLm,3
2025-03-30,Ponman,2025,https://boxd.it/LiKa,3
2025-04-01,Requiem for a Dream,2000,https://boxd.it/29VI,5
2025-04-11,Pushpa 2 - The Rule,2024,https://boxd.it/wooY,1.5
2025-04-13,Rose Island,2020,https://boxd.it/nBlq,3
2025-04-13,Thillu Mullu,1981,https://boxd.it/8jk,4
2025-04-14,Iruvar,1997,https://boxd.it/H2o,5
2025-04-14,Alappuzha Gymkhana,2025,https://boxd.it/LmgI,3.5
2025-04-18,The Internship,2013,https://boxd.it/3SWS,2.5
2025-04-19,In Time,2011,https://boxd.it/FPS,3
2025-04-19,Good Bad Ugly,2025,https://boxd.it/M11k,3
2025-04-19,Veera Dheera Sooran: Part 2,2025,https://boxd.it/JsRc,3.5
2025-04-21,Kaakha Kaakha,2003,https://boxd.it/aQvk,4
2025-04-23,Kanguva,2024,https://boxd.it/n2Wc,1.5
2025-04-27,Jodhaa Akbar,2008,https://boxd.it/1OOw,3.5
2025-04-27,Hustle,2022,https://boxd.it/qpig,3.5
2025-04-28,Manmadhan Ambu,2010,https://boxd.it/ysM,3
2025-05-01,Maamannan,2023,https://boxd.it/yaLS,2.5
2025-05-03,The Pianist,2002,https://boxd.it/2aqc,5
2025-05-03,Server Sundaram,1964,https://boxd.it/8vEm,4.5
2025-05-04,King Kong,2005,https://boxd.it/2aLa,3.5
2025-05-05,Game Changer,2025,https://boxd.it/uzQg,2
2025-05-05,Silenced,2011,https://boxd.it/2QGG,5
2025-05-06,No Hard Feelings,2023,https://boxd.it/xouu,2
2025-05-06,Subservience,2024,https://boxd.it/EgxO,1
2025-05-06,It,2017,https://boxd.it/bC8e,3
2025-05-06,It Chapter Two,2019,https://boxd.it/h10u,2
2025-05-07,Champions,2018,https://boxd.it/gjGG,4
2025-05-08,Ayya,2005,https://boxd.it/fGq,3
2025-05-09,Adolescence,2025,https://boxd.it/TFGw,3.5
2025-05-13,The Wonderful Story of Henry Sugar,2023,https://boxd.it/yNyo,3.5
2025-05-14,Thambikku Entha Ooru,1984,https://boxd.it/8DO,3
2025-05-15,Nammavar,1994,https://boxd.it/8r4,4
2025-05-16,Punnagai Mannan,1986,https://boxd.it/8nw,3
2025-05-17,Tourist Family,2025,https://boxd.it/RNEO,4.5
2025-05-19,Mission: Impossible,1996,https://boxd.it/29d2,3.5
2025-05-20,Nilavuku En Mel Ennadi Kobam,2025,https://boxd.it/Ko9C,1.5
2025-05-20,Mission: Impossible II,2000,https://boxd.it/29cS,3
2025-05-23,Photograph,2019,https://boxd.it/iE22,3.5
2025-05-25,Mission: Impossible III,2006,https://boxd.it/29cI,3.5
2025-05-26,Perfect Days,2023,https://boxd.it/ATh8,5
2025-05-26,The Life List,2025,https://boxd.it/LN3c,3
2025-05-27,One Day,2016,https://boxd.it/eRvy,3.5
2025-05-27,Bloody Beggar,2024,https://boxd.it/O1a6,2.5
2025-05-28,Pride & Prejudice,2005,https://boxd.it/24u8,2.5
2025-05-29,Hereditary,2018,https://boxd.it/hNVe,3
2025-05-29,Living,2022,https://boxd.it/syDQ,3
2025-05-30,Set It Up,2018,https://boxd.it/dpik,4.5
2025-05-30,Retro,2025,https://boxd.it/MfqS,2.5
2025-05-30,Mission: Impossible – Ghost Protocol,2011,https://boxd.it/psI,4
2025-05-31,The Unbreakable Boy,2025,https://boxd.it/sMwY,3
2025-06-01,Sathya,1988,https://boxd.it/8oE,4
2025-06-01,Fight Club,1999,https://boxd.it/2a9q,4.5
2025-06-03,Padmini,2023,https://boxd.it/xSJO,2.5
2025-06-03,HIT: The Third Case,2025,https://boxd.it/E7vu,3
2025-06-04,Houdini,2014,https://boxd.it/92a0,3
2025-06-05,Mission: Impossible – Rogue Nation,2015,https://boxd.it/5rI4,4.5
2025-06-06,Sattam En Kaiyil,2024,https://boxd.it/AkRg,3.5
2025-06-06,Michael Madana Kama Rajan,1990,https://boxd.it/1O5c,5
2025-06-07,Maaveeran,2023,https://boxd.it/Bktq,4
2025-06-07,How to Make Millions Before Grandma Dies,2024,https://boxd.it/FLa4,4.5
2025-06-08,Thalapathi,1991,https://boxd.it/1mDg,5
2025-06-09,Mannan,1992,https://boxd.it/8Ji,3
2025-06-10,Mission: Impossible – Fallout,2018,https://boxd.it/bSVc,4.5
2025-06-12,The Warriorr,2022,https://boxd.it/yYnG,2
2025-06-12,Killer Bean Forever,2008,https://boxd.it/1xtG,4
2025-06-12,Kabhi Alvida Naa Kehna,2006,https://boxd.it/1Oci,1
2025-06-12,Geethanjali,1989,https://boxd.it/4I5c,4
2025-06-13,Johnny,1980,https://boxd.it/aSsi,5
2025-06-13,Mission: Impossible – Dead Reckoning,2023,https://boxd.it/l7zS,4
2025-06-13,Avan Ivan,2011,https://boxd.it/3q6,3
2025-06-15,Jerry Maguire,1996,https://boxd.it/1YNS,3.5
2025-06-17,Nadunisi Naaygal,2011,https://boxd.it/3KcM,2
2025-06-18,Padakkalam,2025,https://boxd.it/LFSQ,3.5
2025-06-18,Annamalai,1992,https://boxd.it/HHm,4
2025-06-19,Thug Life,2025,https://boxd.it/DxWY,2
2025-06-20,Carry-On,2024,https://boxd.it/C0B2,3.5
2025-06-23,Eleven,2025,https://boxd.it/NYFU,3
2025-06-24,Devil's Double Next Level,2025,https://boxd.it/SB3y,2.5
2025-06-25,Atonement,2007,https://boxd.it/24ui,3
2025-06-26,Ethir Neechal,1968,https://boxd.it/atGu,3.5
2025-06-26,Onna Irukka Kathukanom,1992,https://boxd.it/BsPO,2
2025-06-27,"Josee, the Tiger and the Fish",2020,https://boxd.it/oh1i,4
2025-06-27,Swades,2004,https://boxd.it/1Ly6,5
2025-06-28,Lemons Are Not Sour,2024,https://boxd.it/PTGM,4
2025-06-29,Vidaamuyarchi,2025,https://boxd.it/zQjS,2.5
2025-06-30,Pannaiyarum Padminiyum,2014,https://boxd.it/7n4o,4
2025-06-30,Veedu,1988,https://boxd.it/aSwO,4.5
2025-07-01,Squid Game,2021,https://boxd.it/x1OG,3.5
2025-07-03,Valiyavan,2015,https://boxd.it/8BqA,1.5
2025-07-05,Prisoners,2013,https://boxd.it/4E5i,4
2025-07-08,3BHK,2025,https://boxd.it/Nn64,3.5
2025-07-09,Power,2014,https://boxd.it/oUUm,1.5
2025-07-11,Cinema Paradiso,1988,https://boxd.it/1UlA,5
2025-07-13,Superman,2025,https://boxd.it/E9IU,3
2025-07-13,Court: State vs. A Nobody,2025,https://boxd.it/SHmm,3.5
2025-07-17,It Ends with Us,2024,https://boxd.it/ENjg,0.5
2025-07-18,Kuberaa,2025,https://boxd.it/IpbA,2.5
2025-07-23,Kannappa,2025,https://boxd.it/KOpw,1.5
2025-07-27,Enthiran,2010,https://boxd.it/4Hgo,5
2025-07-29,Singam,2010,https://boxd.it/axI,3.5
2025-07-31,Happy Gilmore,1996,https://boxd.it/1Yey,2.5
2025-08-01,Happy Gilmore 2,2025,https://boxd.it/M8PQ,2.5
2025-08-01,DNA,2025,https://boxd.it/Sr7A,3
2025-08-01,Maargan,2025,https://boxd.it/SLie,3
2025-08-02,Incendies,2010,https://boxd.it/Msm,5
2025-08-03,Mahavatar Narsimha,2024,https://boxd.it/RdXU,3.5
2025-08-04,Devara: Part 1,2024,https://boxd.it/uzQU,3.5
2025-08-06,Parandhu Po,2025,https://boxd.it/S6v2,3.5
2025-08-07,8 Thottakkal,2017,https://boxd.it/g3ym,4
2025-08-13,Kung Fu Hustle,2004,https://boxd.it/1YBi,4
2025-08-14,Villadhi Villain,1995,https://boxd.it/AyNW,2.5
2025-08-15,Ranga,1982,https://boxd.it/8Bo,2.5
2025-08-17,Friends,2001,https://boxd.it/3EEg,3.5
2025-08-17,Kushi,2000,https://boxd.it/2hFS,4
2025-08-18,Sitaare Zameen Par,2025,https://boxd.it/Ja4m,3.5
2025-08-20,Mission: Impossible – The Final Reckoning,2025,https://boxd.it/l7A2,4
2025-08-22,C/o Kancharapalem,2018,https://boxd.it/jSlk,4.5
2025-08-23,Maareesan,2025,https://boxd.it/CEwQ,2.5
2025-08-24,The Princess Bride,1987,https://boxd.it/26EY,3
2025-08-26,Sethu...,1999,https://boxd.it/2hDs,3.5
2025-08-27,Kingdom,2025,https://boxd.it/GxLi,2
2025-08-28,Irudhi Pakkam,2021,https://boxd.it/yxrc,3
2025-08-28,Time,2006,https://boxd.it/1voO,3.5
2025-08-31,F1,2025,https://boxd.it/yjVM,4
2025-09-02,Once Upon a Time... in Hollywood,2019,https://boxd.it/gH0O,3.5
2025-09-05,Children of Heaven,1997,https://boxd.it/1C5k,5
2025-09-05,Jeans,1998,https://boxd.it/1lZA,2.5
2025-09-07,7G Rainbow Colony,2004,https://boxd.it/1xDQ,5
2025-09-07,The Queen's Gambit,2020,https://boxd.it/s1Ym,3.5
2025-09-10,Mozhi,2007,https://boxd.it/6lI,3.5
2025-09-14,Uttama Villain,2015,https://boxd.it/8j7A,5
2025-09-21,Madharaasi,2025,https://boxd.it/Nu7S,3.5
2025-09-21,"Love, Rosie",2014,https://boxd.it/62hE,2.5
2025-09-22,Varisu,2023,https://boxd.it/vuNo,1.5
2025-09-24,Virumaandi,2004,https://boxd.it/8tk,5
2025-09-28,Saaho,2019,https://boxd.it/gdaa,2
2025-10-02,Click,2006,https://boxd.it/1YVM,3
2025-10-03,Meet Joe Black,1998,https://boxd.it/2aEI,3.5
2025-10-04,Gangs of Wasseypur – Part 1,2012,https://boxd.it/3UHK,4
2025-10-05,Gandhi Kannadi,2025,https://boxd.it/W0SC,2.5
2025-10-09,Son of Saul,2015,https://boxd.it/b6r4,4
2025-10-10,War 2,2025,https://boxd.it/FWdI,1.5
2025-10-12,Prem Ratan Dhan Payo,2015,https://boxd.it/coCc,1
2025-10-13,Odum Kuthira Chadum Kuthira,2025,https://boxd.it/zGBC,3.5
2025-10-14,The Big Short,2015,https://boxd.it/ajZw,4.5
2025-10-15,Salaar: Part 1 - Ceasefire,2023,https://boxd.it/sYOU,4
2025-10-18,Rocky,1976,https://boxd.it/28Uk,4
2025-10-18,Dude,2025,https://boxd.it/OqFe,2
2025-10-22,Lakshmi,2018,https://boxd.it/jqLO,2.5
2025-10-23,Mirchi,2013,https://boxd.it/5pUW,3
2025-10-23,Athidhi,2007,https://boxd.it/nJ8,3
2025-10-24,Athadu,2005,https://boxd.it/18T0,3
2025-10-25,Sita Ramam,2022,https://boxd.it/xO2c,4
2025-10-25,Aarilirunthu Arubathu Varai,1979,https://boxd.it/8y0,4
2025-10-25,Devadas,2018,https://boxd.it/k7Kk,3
2025-10-26,They Call Him OG,2025,https://boxd.it/EQYc,1.5
2025-10-28,Forgotten,2017,https://boxd.it/hAJE,4
2025-10-29,Ravanasura,2023,https://boxd.it/xHL0,0.5
2025-10-30,Sarrainodu,2016,https://boxd.it/d1BC,2
2025-10-31,The Pursuit of Happyness,2006,https://boxd.it/28PE,4
2025-10-31,A Silent Voice: The Movie,2016,https://boxd.it/d99c,4
2025-10-31,Ayla: The Daughter of War,2017,https://boxd.it/gWyw,4
2025-10-31,10 Things I Hate About You,1999,https://boxd.it/23AO,4
2025-10-31,"Planes, Trains and Automobiles",1987,https://boxd.it/26zE,3.5
2025-10-31,Naan Kadavul,2009,https://boxd.it/2i4S,4
2025-10-31,Thulladha Manamum Thullum,1999,https://boxd.it/2JcO,4
2025-10-31,The Lunchbox,2013,https://boxd.it/5MOs,4.5
2025-11-01,Kantara - A Legend: Chapter 1,2025,https://boxd.it/EZaq,3
2025-11-02,Lokah Chapter 1: Chandra,2025,https://boxd.it/NelO,3.5
2025-11-05,Phoenix,2025,https://boxd.it/NNP0,2
2025-11-09,Man vs Bee,2022,https://boxd.it/Trcs,3
2025-11-09,Velaiyilla Pattathari,2014,https://boxd.it/7OWi,5
2025-11-10,Sathi Leelavathi,1995,https://boxd.it/8ro,3.5
2025-11-13,Vetri Kodi Kattu,2000,https://boxd.it/7ToK,3.5
2025-11-13,Secret,2007,https://boxd.it/1DEq,4
2025-11-13,My Girl,1991,https://boxd.it/24PK,3.5
2025-11-13,Dragon,2025,https://boxd.it/Mxns,3.5
2025-11-14,Kiss,2025,https://boxd.it/Nysq,3
2025-11-14,Bata Boy and Crocs Girl,2025,https://boxd.it/SoFa,2
2025-11-16,Kaantha,2025,https://boxd.it/LChi,4
2025-11-18,Appa,2016,https://boxd.it/e9A0,2.5
2025-11-18,Bakasuran,2023,https://boxd.it/B4PA,0.5
2025-11-19,Rachcha,2012,https://boxd.it/40ja,2.5
2025-11-20,Pistha,1997,https://boxd.it/2J2E,2.5
2025-11-20,The Immaculate Room,2022,https://boxd.it/unt0,2
2025-11-21,Brindavanam,2010,https://boxd.it/nLo,3.5
2025-11-21,Bison Kaalamaadan,2025,https://boxd.it/LUUW,4
2025-11-22,The Holiday,2006,https://boxd.it/28ye,3
2025-11-22,Grave of the Fireflies,1988,https://boxd.it/1RUM,4
2025-11-22,Dookudu,2011,https://boxd.it/2N9E,2.5
2025-11-23,Diary,2022,https://boxd.it/upua,2.5
2025-11-24,Pushpa: The Rise,2021,https://boxd.it/pO3y,3
2025-11-26,Thevar Magan,1992,https://boxd.it/8pM,4
2025-11-28,Idli Kadai,2025,https://boxd.it/Oxi2,2
2025-11-28,DJ: Duvvada Jagannadham,2017,https://boxd.it/fMIu,2
2025-11-28,Mr Bachchan,2024,https://boxd.it/KOjy,0.5
2025-11-29,Em Magan,2006,https://boxd.it/2Mpw,3.5
2025-11-30,Aan Paavam Pollathathu,2025,https://boxd.it/T6s0,1
2025-12-01,Aravinda Sametha Veera Raghava,2018,https://boxd.it/jsaU,4
2025-12-01,Black Adam,2022,https://boxd.it/fup0,2.5
2025-12-03,The Hangover,2009,https://boxd.it/1GjK,4
2025-12-03,Bad Girl,2025,https://boxd.it/RZBi,3
2025-12-05,Lakshmi Narasimha,2004,https://boxd.it/2PLg,2
2025-12-05,"My Tomorrow, Your Yesterday",2016,https://boxd.it/fajw,4
2025-12-06,How Long Will I Love U,2018,https://boxd.it/iZ3U,4
2025-12-07,The Smile Man,2024,https://boxd.it/zy7u,1.5
2025-12-07,Joe,2023,https://boxd.it/JQDe,2.5
2025-12-08,Khaleja,2010,https://boxd.it/nKK,3.5
2025-12-09,Idhu Namma Aalu,1988,https://boxd.it/biew,2.5
2025-12-10,Veettukku Vandha Marumagal,1973,https://boxd.it/A4Z4,2
2025-12-10,Hugo,2011,https://boxd.it/R08,4
2025-12-10,The Family Star,2024,https://boxd.it/H90k,1
2025-12-12,Zack Snyder's Justice League,2021,https://boxd.it/tLOk,3.5
2025-12-14,Aaromaley,2025,https://boxd.it/VkiM,3
2025-12-14,Next,2007,https://boxd.it/28bY,2.5
2025-12-17,Kuruthipunal,1995,https://boxd.it/8ry,4.5
2025-12-23,Sarpatta Parambarai,2021,https://boxd.it/tX36,5
2025-12-23,Dominic and the Ladies' Purse,2025,https://boxd.it/NKgG,2
2025-12-23,Rambo,2025,https://boxd.it/T1R0,1
2025-12-24,Majaa,2005,https://boxd.it/2hDi,2
2025-12-25,Yavarum Nalam,2009,https://boxd.it/1Ekm,4
2025-12-25,Coolie,2025,https://boxd.it/HDVK,2
2025-12-25,La La Land,2016,https://boxd.it/a5fa,4
2025-12-28,Revolver Rita,2025,https://boxd.it/ED9g,2.5
2025-12-28,Suryavamsam,1997,https://boxd.it/2JhO,4
2025-12-29,Middle Class,2025,https://boxd.it/Yp68,2.5
2025-12-31,Thiruda Thiruda,1993,https://boxd.it/3Lyu,3
2026-01-01,Thenavattu,2008,https://boxd.it/2hXi,2
2026-01-01,Paruthiveeran,2007,https://boxd.it/2hOU,5
2026-01-03,Thee,1981,https://boxd.it/aSsC,2.5
2026-01-05,Bhagavanth Kesari,2023,https://boxd.it/B0OS,2
2026-01-05,Siren,2024,https://boxd.it/Cx1G,1
2026-01-06,The Greatest of All Time,2024,https://boxd.it/GIkW,1.5
2026-01-07,Valimai,2022,https://boxd.it/nLOC,1
2026-01-08,Dennis the Menace,1993,https://boxd.it/1SrQ,3.5
2026-01-09,Thiruvannamalai,2008,https://boxd.it/832,1.5
2026-01-09,Thiruda Thirudi,2003,https://boxd.it/2hZI,3
2026-01-10,Yamadonga,2007,https://boxd.it/2FcU,3
2026-01-10,Sura,2010,https://boxd.it/13y2,1
2026-01-12,Arul,2004,https://boxd.it/6lS,2.5
2026-01-12,Veeram,2014,https://boxd.it/7g7q,3
2026-01-12,Mask,2025,https://boxd.it/Oa34,2.5
2026-01-13,Japan,2023,https://boxd.it/Cdlw,0.5
2026-01-15,Catch Me If You Can,2002,https://boxd.it/29VS,4
2026-01-17,Annaatthe,2021,https://boxd.it/sgNy,1
2026-01-18,Thimiru,2006,https://boxd.it/2EXq,3
2026-01-21,Azhagiya Tamil Magan,2007,https://boxd.it/6s0,2.5
2026-01-21,Kotaro Lives Alone,2022,https://boxd.it/zR7e,4
2026-01-23,Thenali,2000,https://boxd.it/2hSi,4
2026-01-25,Sirai,2025,https://boxd.it/Veui,3.5
2026-01-25,Thiruvilaiyaadal Aarambam,2006,https://boxd.it/3Lya,3
2026-01-28,Akhanda,2021,https://boxd.it/tUCs,1
2026-01-29,Vaa Vaathiyaar,2026,https://boxd.it/G5GO,1
2026-02-01,Dhurandhar,2025,https://boxd.it/NhCI,4
2026-02-02,Oosaravelli,2011,https://boxd.it/2N8Q,2
2026-02-04,Andhadhun,2018,https://boxd.it/jtfc,4
2026-02-04,The Invisible Guest,2016,https://boxd.it/euce,3.5
2026-02-06,Magadheera,2009,https://boxd.it/1yMa,5
2026-02-07,The Rajasaab,2026,https://boxd.it/CFFE,1
2026-02-08,Parasakthi,2026,https://boxd.it/AsJk,3
2026-02-10,Saguni,2012,https://boxd.it/2fjg,2.5
2026-02-11,Pottu Amman,2000,https://boxd.it/hbom,1.5
2026-02-13,Madras,2014,https://boxd.it/8Eu6,4
2026-02-13,Thalaivar Thambi Thalaimaiyil,2026,https://boxd.it/wMLs,3
2026-02-14,Pichaikkaran 2,2023,https://boxd.it/s9do,0.5
2026-02-15,Meyaadha Maan,2017,https://boxd.it/gzJ2,3.5
2026-02-18,Punnagai Desam,2002,https://boxd.it/860G,3
2026-02-19,Aai,2004,https://boxd.it/2NdQ,1.5
2026-02-20,Govindudu Andarivaadele,2014,https://boxd.it/9m0E,1
2026-02-20,Thee,2009,https://boxd.it/8610,0.5
2026-02-21,Sye,2004,https://boxd.it/36Ka,1.5
2026-02-22,The Battle Between Chefs,2018,https://boxd.it/xBzM,2
2026-02-24,Naari Naari Naduma Murari,2026,https://boxd.it/Suhy,2.5
2026-02-26,The Machinist,2004,https://boxd.it/248c,3.5
2026-02-28,Limitless,2011,https://boxd.it/Aly,3.5
2026-03-01,Ko,2011,https://boxd.it/6p6,4.5
2026-03-03,Lady Vengeance,2005,https://boxd.it/248G,3.5
2026-03-04,Cook Up a Storm,2017,https://boxd.it/fASi,2.5
2026-03-06,Kung Fu Panda,2008,https://boxd.it/1Yws,4.5
2026-03-07,Kung Fu Panda 2,2011,https://boxd.it/G36,3.5
2026-03-07,With Love,2026,https://boxd.it/W6Rq,3
2026-03-08,Kung Fu Panda 3,2016,https://boxd.it/4uRQ,3
2026-03-08,Kung Fu Panda 4,2024,https://boxd.it/CepE,2.5
2026-03-09,Sarvam Maya,2025,https://boxd.it/UEUa,3.5
2026-03-10,36 Vayadhinile,2015,https://boxd.it/b24q,3
2026-03-11,Vadakkupatti Ramasamy,2024,https://boxd.it/GcW0,3
2026-03-14,Krishnarjuna Yudham,2018,https://boxd.it/i4r6,2
2026-03-14,Bhale Bhale Magadivoy,2015,https://boxd.it/cJD6,3.5
2026-03-15,Pilla Zamindar,2011,https://boxd.it/32sw,3
2026-03-17,Sookshmadarshini,2024,https://boxd.it/zRX0,3
2026-03-18,Drunken Master,1978,https://boxd.it/1Ujk,3.5
2026-03-20,Dhurandhar The Revenge,2026,https://boxd.it/Z0Uu,4
2026-03-21,A Taxi Driver,2017,https://boxd.it/fwac,4
2026-03-21,24,2016,https://boxd.it/cKPi,4
2026-03-23,A Aa,2016,https://boxd.it/cVkA,2
2026-03-23,Sowkarpettai,2016,https://boxd.it/cP6C,0.5
2026-03-24,Writing Doom,2024,https://boxd.it/Ry34,3.5
2026-03-25,Srimanthudu,2015,https://boxd.it/bTA0,3.5
2026-03-26,Youth,2026,https://boxd.it/Xsrc,2
2026-03-26,I Don't Want to Go Back Alone,2010,https://boxd.it/2nQC,3.5
2026-03-28,Iraivi,2016,https://boxd.it/cNg6,4
2026-03-29,Rajadhi Raja,2009,https://boxd.it/6EC6,0.5
2026-03-31,Chinese Zodiac,2012,https://boxd.it/3oAi,3
2026-03-31,Dhamaka,2022,https://boxd.it/xxLk,0.5
2026-03-31,Pandurangadu,2008,https://boxd.it/8Cbw,0.5
2026-04-10,Rango,2011,https://boxd.it/QPk,4
2026-04-11,Jana Nayagan,,https://boxd.it/KY7M,2
2026-04-13,Malai Malai,2009,https://boxd.it/2Nea,2
2026-04-13,Paiyaa,2010,https://boxd.it/13tc,3.5
2026-04-14,Thaai Kizhavi,2026,https://boxd.it/ZIMa,3.5
2026-04-17,Nala Damayanthi,2003,https://boxd.it/8sQ,3.5
2026-04-18,Tere Ishk Mein,2025,https://boxd.it/HdG0,0.5
2026-04-19,Shamitabh,2015,https://boxd.it/avlI,2.5
2026-04-20,Iraivan,2023,https://boxd.it/BrYg,1
2026-04-21,Adipurush,2023,https://boxd.it/rxX4,0.5
2026-04-22,Dil To Pagal Hai,1997,https://boxd.it/1OYG,3.5
2026-04-23,Chak De! India,2007,https://boxd.it/1ODI,4
2026-04-23,Chalte Chalte,2003,https://boxd.it/24BS,1.5
2026-04-23,Veer-Zaara,2004,https://boxd.it/24C2,4
2026-04-26,Happy Raj,2026,https://boxd.it/Wv0Q,2
2026-04-26,Dilwale Dulhania Le Jayenge,1995,https://boxd.it/1F9k,3.5
2026-04-28,Groundhog Day,1993,https://boxd.it/2b3e,5
2026-04-30,Made in Korea,2026,https://boxd.it/Ydps,2
2026-04-30,The Sea Beast,2022,https://boxd.it/kv3a,3.5
2026-05-01,Kara,2026,https://boxd.it/T1NW,2.5
2026-05-02,Swapped,2026,https://boxd.it/C5Mk,3.5
2026-05-02,Wish Dragon,2021,https://boxd.it/k6w2,3
2026-05-03,Skanda,2023,https://boxd.it/D2ow,0.5
2026-05-03,I Saw the Devil,2010,https://boxd.it/FaK,3.5
2026-05-04,Anaganaga Oka Raju,2026,https://boxd.it/S8s0,2.5
2026-05-07,Love Insurance Kompany,2026,https://boxd.it/JTYO,2
2026-05-09,Dilwale,2015,https://boxd.it/cR60,1.5
2026-05-10,Main Hoon Na,2004,https://boxd.it/1OHA,3.5
2026-05-10,Little Hearts,2025,https://boxd.it/TjjA,4
2026-05-11,The Drama,2026,https://boxd.it/OA2w,4.5
2026-05-13,Aayirathil Oruvan,2010,https://boxd.it/2hP4,5
2026-05-13,Vaazha,2024,https://boxd.it/J7TG,3.5
2026-05-13,Vaazha II,2026,https://boxd.it/PFzW,3.5
2026-05-16,Kadhal Konden,2003,https://boxd.it/2hZo,5
2026-05-16,Ahalya,2015,https://boxd.it/bNYK,3
2026-05-16,Aparichit,2020,https://boxd.it/Wbzm,3.5
2026-05-17,Ra.One,2011,https://boxd.it/ZbS,2.5
2026-05-17,Karuppu,2026,https://boxd.it/QE3M,3
2026-05-18,Pil's Adventures,2021,https://boxd.it/pdO8,2
2026-05-20,Rahasya,2015,https://boxd.it/aANC,3.5
2026-05-20,Anjathe,2008,https://boxd.it/vve,4.5
2026-05-22,Julayi,2012,https://boxd.it/48eC,3
2026-05-23,Hum Saath Saath Hain,1999,https://boxd.it/aem,1.5
2026-05-24,Vivah,2006,https://boxd.it/1g1A,3
2026-05-24,Maaman,2025,https://boxd.it/RYXs,1.5
2026-05-24,Vaanam,2011,https://boxd.it/8OM,4
2026-05-26,Akhanda 2: Thaandavam,2025,https://boxd.it/QQk6,0.5
2026-05-26,Maine Pyar Kiya,1989,https://boxd.it/1rmY,2
2026-05-29,Baba,2002,https://boxd.it/8IY,2.5
2026-05-30,Leader,2026,https://boxd.it/VX2o,3
2026-05-31,Spanglish,2004,https://boxd.it/26Cy,2.5
2026-05-31,Monster Hunt,2015,https://boxd.it/b1pi,2.5
2026-05-31,The Monkey King,2023,https://boxd.it/vowm,2
2026-06-01,Bajrangi Bhaijaan,2015,https://boxd.it/bIbo,4.5
2026-06-02,Elio,2025,https://boxd.it/CFr8,3
2026-06-02,The Platform,2019,https://boxd.it/mUm6,3.5
2026-06-02,Barakamon,2014,https://boxd.it/qvSa,4.5
2026-06-02,16 Vayathinile,1977,https://boxd.it/8uC,3.5
2026-06-03,Mouna Raagam,1986,https://boxd.it/2SpW,4
2026-06-04,It's a Boy Girl Thing,2006,https://boxd.it/17F2,2.5
2026-06-06,29,2026,https://boxd.it/Wcjk,2.5
2026-06-09,Race Gurram,2014,https://boxd.it/7N6A,2.5
2026-06-11,Vanangaan,2025,https://boxd.it/zPxa,2
2026-06-14,Thanks Einstein,2024,https://boxd.it/S5zW,3.5
2026-06-14,Eagle,2024,https://boxd.it/HvFE,0.5
2026-06-16,Escape from Alcatraz,1979,https://boxd.it/1Vwk,3.5
2026-06-18,Kaavalan,2011,https://boxd.it/jJo,3
2026-06-18,Lage Raho Munna Bhai,2006,https://boxd.it/1BRs,3.5
2026-06-19,Brahmāstra Part One: Shiva,2022,https://boxd.it/hUJO,2.5
2026-06-20,Nela Ticket,2018,https://boxd.it/j8Ma,1
2026-06-20,War Horse,2011,https://boxd.it/nf8,3
2026-06-20,Echo of existence,2025,https://boxd.it/UCRS,4
2026-06-21,The Ron Clark Story,2006,https://boxd.it/1vDO,3
2026-06-23,ini,2020,https://boxd.it/HfBQ,4.5
2026-06-25,Just My Luck,2006,https://boxd.it/1XgS,2.5
2026-06-26,Blast,2026,https://boxd.it/WpcG,2.5
2026-06-26,Vasool Raja MBBS,2004,https://boxd.it/HGS,5
2026-06-26,Mentalese Express,2023,https://boxd.it/KeWu,3
2026-06-28,Summer Bus,2017,https://boxd.it/nbz2,3.5
2026-06-28,Scandal Makers,2008,https://boxd.it/1H4Q,3.5
2026-06-29,Marakkave Ninaikiren,2023,https://boxd.it/HezO,4.5
2026-06-30,Oru Oorla Oru Rajakumari,1995,https://boxd.it/gIjM,3
2026-06-30,Front of the Class,2008,https://boxd.it/9s8,4
2026-07-01,Nayagan Nayagi,2024,https://boxd.it/NDwC,3
2026-07-02,Obsession,2025,https://boxd.it/PNqo,4
